train_acc;val_acc;train_loss;val_loss
0.0922222255418698;0.3322222322225571;3.2860042015711466;2.111134860912959
0.2077777847647667;0.5477777947982152;2.7461334029833475;1.6388283789157867
0.2966666748126348;0.665555573006471;2.271449142694473;1.3185375730196636
0.32111112040778;0.7133333484331766;2.1272990008195243;1.089616322517395
0.4100000120699406;0.750000013411045;1.7956009010473888;0.9349878261486689
0.47555556843678154;0.7755555679400762;1.6266547173261643;0.8181458239754041
0.48222223706543443;0.79000001202027;1.5853506992260615;0.7407650972406069
0.5100000143051148;0.8222222323218982;1.4653973281383514;0.6719825521111489
0.5677777936061223;0.8500000089406967;1.3184706211090087;0.5920706550280254
0.5566666841506958;0.8544444531202317;1.2893511613210042;0.5494024639328321
0.5944444631536802;0.8566666752099991;1.1711849004030228;0.5144451928635438
0.6422222378353278;0.8622222304344177;1.094940377275149;0.48538239995638527
0.6588889062404633;0.8711111187934876;1.028014484544595;0.44801429758469263
0.6744444618622462;0.8744444519281387;1.0439060245951017;0.440329476694266
0.6600000167886416;0.8800000071525573;0.9886814311146737;0.4257955563565095
0.7000000168879826;0.8722222298383713;0.9347440858681997;0.4129237860441208
0.6855555718143781;0.8755555629730225;0.924528373281161;0.3970323865612348
0.7155555725097656;0.8822222292423249;0.8643081073959669;0.38581455796957015
0.7411111265420913;0.8766666740179062;0.7872459063927333;0.37491301223635676
0.7355555698275567;0.8811111181974411;0.8147459829847018;0.35501638216276965
0.7566666811704635;0.8800000071525573;0.7449327593048414;0.35129107696314654
0.7322222381830216;0.8988888949155808;0.7587705880403519;0.32615309158960976
0.7522222359975179;0.9022222280502319;0.7519609868526459;0.31014273936549824
0.7455555702249209;0.9022222280502319;0.7078216632207235;0.3126355299105247
0.7933333456516266;0.9055555611848831;0.6752136801679929;0.30252890326082704
0.7800000131130218;0.9022222280502319;0.6701709200938543;0.2999103849132856
0.782222234706084;0.9000000059604645;0.6244000757733981;0.2943287925173839
0.8266666769981384;0.8966666728258132;0.5429153462251027;0.2965420003359516
0.8088889002799988;0.9033333390951157;0.5715791483720144;0.28251297064125536
0.802222233513991;0.8944444507360458;0.5341938532888889;0.29637874346226456
0.8100000113248825;0.9000000059604645;0.6008005507290364;0.2846481656034788
0.8333333432674408;0.9077777832746505;0.5036130074411631;0.2722249488035838
0.8422222316265107;0.9044444501399994;0.4820612887541453;0.27674384582787753
0.8233333438634872;0.9066666722297668;0.5140088242789109;0.2744240219394366
0.8277777880430222;0.9033333390951157;0.5279039988915125;0.28173097086449467
0.8422222316265107;0.9033333390951157;0.46720704187949497;0.27704205755144357
0.8500000084439914;0.9088888943195343;0.4371413690348466;0.2640790876622001
0.8311111211776734;0.9111111164093018;0.4583946612974008;0.2543869166014095
0.8333333432674408;0.9044444501399994;0.4734252281486988;0.2688880647222201
0.8155555665493012;0.8977777838706971;0.5111497444411118;0.2743660921541353
0.8433333426713944;0.9033333390951157;0.46473874611159166;0.27145732635011277
0.8622222304344177;0.9022222280502319;0.40120168725649513;0.2715992996158699
0.848888897895813;0.9055555611848831;0.44160585949818293;0.26319981152191757
0.8900000065565109;0.9033333390951157;0.36338499498864013;0.2630880062157909
0.8844444513320923;0.9088888943195343;0.3596976689994335;0.2584671897813678
0.8655555635690689;0.910000005364418;0.3887949479122957;0.2586293841401736
0.8777777850627899;0.9133333384990692;0.3672305523107449;0.255706872822096
0.8844444513320923;0.9122222274541855;0.3181283459688226;0.2558425382710993
0.8833333402872086;0.9166666716337204;0.36981919084986054;0.2540329116086165
0.8744444519281387;0.9200000047683716;0.376117168366909;0.2321560338139534
0.8900000065565109;0.9233333379030227;0.3249003849302729;0.23503484555209678
0.8900000065565109;0.9155555605888367;0.3385674484074116;0.24262767434120178
0.8655555635690689;0.9200000047683716;0.36840147885183494;0.23330125802507004
0.8755555629730225;0.9188888937234878;0.33392212763428686;0.23932421933859588
0.9000000059604645;0.922222226858139;0.3033827722072601;0.23272667297472557
0.9011111170053482;0.9255555599927903;0.2924973318974177;0.21793943050627906
0.9055555611848831;0.9288888931274414;0.29862078273048004;0.2156823440765341
0.9066666722297668;0.9244444489479064;0.27893831512580314;0.22641659760847688
0.8911111176013946;0.9255555599927903;0.3121039764334758;0.2251299824565649
0.9044444501399994;0.9255555599927903;0.2777685603126884;0.21530069662258028
0.9044444501399994;0.9211111158132553;0.2746208832288782;0.2222995437371234
0.9033333390951157;0.9177777826786041;0.2907756503050526;0.24073043142755826
0.910000005364418;0.9288888931274414;0.2566924868772427;0.21417173794470729
0.9066666722297668;0.9300000041723251;0.29115041612337034;0.21273506086630126
0.9155555605888367;0.9300000041723251;0.27612517923116686;0.21442689530861875
0.9166666716337204;0.9333333373069763;0.2671749406804641;0.21153563434878986
0.9155555605888367;0.9322222262620926;0.25566878921041886;0.2183972302513818
0.9200000047683716;0.9366666704416275;0.22143904299785694;0.19952723664852481
0.922222226858139;0.9355555593967437;0.24587393539647262;0.19545987189436953
0.9200000047683716;0.938888892531395;0.21726464840273063;0.19229666055180133
0.9322222262620926;0.9355555593967437;0.23006525210415324;0.19340057775067787
0.926666671037674;0.9422222256660462;0.2142833387789627;0.18687443888435762
0.9400000035762787;0.9400000035762787;0.18899625297635794;0.1768045288665841
0.9311111152172089;0.9444444477558136;0.22059315455456574;0.18016436998732388
0.9377777814865113;0.9444444477558136;0.17969004387656848;0.1860358833024899
0.9366666704416275;0.938888892531395;0.19349304276208082;0.20661260735554
0.938888892531395;0.9422222256660462;0.18421823295454184;0.18823315176802377
0.9333333373069763;0.9377777814865113;0.1905571202437083;0.20135577224039783
0.9333333373069763;0.9444444477558136;0.20426710338021317;0.18935518260889997
0.9544444471597672;0.9366666704416275;0.16477662110701202;0.19744935566559435
0.9366666704416275;0.946666669845581;0.19497415417184433;0.18080267535212138
0.9422222256660462;0.9433333367109299;0.18116894556830326;0.18567597835014263
0.9411111146211624;0.9422222256660462;0.18028310734468203;0.17074548470166823
0.9311111152172089;0.9355555593967437;0.188824866587917;0.18430570208777983
0.9333333373069763;0.9411111146211624;0.18203917297845085;0.17112998160688828
0.9522222250699997;0.9411111146211624;0.15225983310180405;0.16938264899266262
0.9355555593967437;0.93444444835186;0.17546119969338178;0.19844637969508766
0.946666669845581;0.9433333367109299;0.16699737788488467;0.1674978845519945
0.9322222262620926;0.9477777808904648;0.1922707935484747;0.16841814969666302
0.9433333367109299;0.9444444477558136;0.16578026100372276;0.18185816321832438
0.9444444477558136;0.9444444477558136;0.1621639169442157;0.1497145503992215
0.9588888913393021;0.9377777814865113;0.14165610902321835;0.17809210047125817
0.9622222244739532;0.9366666704416275;0.13280020444653928;0.17854751877797145
0.946666669845581;0.9500000029802322;0.18008749949124953;0.1478873486087347
0.9444444477558136;0.946666669845581;0.1792859811335802;0.18006682252356163
0.9544444471597672;0.938888892531395;0.1658411576412618;0.17494790422885367
0.9566666692495346;0.9411111146211624;0.13732118369856228;0.1620604652678594
0.9500000029802322;0.9300000041723251;0.15567678064107895;0.2178346777257199
0.9422222256660462;0.9477777808904648;0.16932681147009135;0.15985011542215943
0.9566666692495346;0.946666669845581;0.11921985681789617;0.1643386332318187
0.946666669845581;0.9455555588006973;0.15801693017904958;0.16370448332745582
0.9633333355188369;0.9322222262620926;0.12583070555701853;0.1998596785822883
0.9555555582046509;0.9455555588006973;0.13336253454908728;0.14552745409309864
0.9577777802944183;0.9444444477558136;0.14063030074660976;0.15877534719184042
0.9611111134290695;0.946666669845581;0.13781942400770883;0.1480556690483354
0.9533333361148835;0.9544444471597672;0.13393447026610375;0.1400483644877871
0.9655555576086045;0.946666669845581;0.10757373085555931;0.13915233953545492
0.9722222238779068;0.9444444477558136;0.11796017537514368;0.15953790905574958
0.9677777796983719;0.9522222250699997;0.11164119048044086;0.16702611771955464
0.9577777802944183;0.9533333361148835;0.1273352874753376;0.13979477720956007
0.9711111128330231;0.9533333361148835;0.10094301973779997;0.15616003514345114
0.9655555576086045;0.9477777808904648;0.11677454865227142;0.1567948662326671
0.9544444471597672;0.951111114025116;0.11221574192556243;0.1380304590643694
0.9633333355188369;0.9600000023841858;0.11421814393252135;0.1290402864649271
0.9588888913393021;0.9588888913393021;0.10895062459167093;0.1394013751472812
0.9666666686534882;0.9566666692495346;0.10805045635594676;0.13830501749568308
0.975555557012558;0.9544444471597672;0.09450199825999638;0.14142941187989588
0.9811111122369767;0.9577777802944183;0.08523127043154091;0.13491872762873147
0.9733333349227905;0.9588888913393021;0.09389898039711018;0.13550979307619854
0.9733333349227905;0.9555555582046509;0.0866845269066592;0.13288507972223063
0.9711111128330231;0.9544444471597672;0.09766262833339473;0.15083004193535696
0.9622222244739532;0.9522222250699997;0.10709142219275236;0.14490311743381123
0.9633333355188369;0.9488888919353485;0.11035240914206952;0.15014739875526478
0.9611111134290695;0.9533333361148835;0.11519840547504524;0.13258688525529577
0.9711111128330231;0.9588888913393021;0.09621885901627442;0.14844208041904494
0.9644444465637207;0.9600000023841858;0.09403292298084125;0.13139707325414443
0.9700000017881394;0.9655555576086045;0.0970288391923532;0.12990738955171158
0.9855555564165115;0.9588888913393021;0.06079206340558206;0.13961838493899753
0.9811111122369767;0.9522222250699997;0.07946186795209845;0.15939390044271326
0.9688888907432556;0.9488888919353485;0.08912901300936937;0.17842597419318432
0.9766666680574417;0.9566666692495346;0.07284485383424907;0.1376395854866132
0.975555557012558;0.9600000023841858;0.08447894970110308;0.14847154167170326
0.9833333343267441;0.9555555582046509;0.06205788085547586;0.14692598592373543
0.9777777791023254;0.9588888913393021;0.0767155844019726;0.13358709444679942
0.9744444459676742;0.9577777802944183;0.08406740358332172;0.14265783783824493
0.9788888901472091;0.9500000029802322;0.0751760735292919;0.16489662133390084
0.9788888901472091;0.9566666692495346;0.07387935574903774;0.14141055125122268
0.9722222238779068;0.9566666692495346;0.08487996413993339;0.17077133021860694
0.9800000011920929;0.9522222250699997;0.06207341193997611;0.15795911470389304
0.9811111122369767;0.9577777802944183;0.07213250526304667;0.17267530779160248
0.9866666674613953;0.9566666692495346;0.06061633235852545;0.15835642240708694
0.9766666680574417;0.9577777802944183;0.07300292730797082;0.16894626819994302
0.975555557012558;0.9577777802944183;0.07772909336878607;0.14741803172704143
0.9700000017881394;0.9555555582046509;0.08873720838067432;0.16546115799574182
0.987777778506279;0.9588888913393021;0.056053508756061396;0.1662164788460359
0.9788888901472091;0.9522222250699997;0.07035967902435611;0.16953148783068173
0.9833333343267441;0.9600000023841858;0.05115162295599778;0.14583468538088104
0.9788888901472091;0.9577777802944183;0.0675914192572236;0.15980772347344707
0.9766666680574417;0.9577777802944183;0.06291562865565842;0.17012817996243637
0.9744444459676742;0.9566666692495346;0.07442885634566968;0.14756412327794047
0.9733333349227905;0.9611111134290695;0.08799210753835117;0.14866430601008082
0.975555557012558;0.9522222250699997;0.07832831410147871;0.1731822336150799
0.9833333343267441;0.9600000023841858;0.06598258145774404;0.12435213995243734
0.9844444453716278;0.9566666692495346;0.05786712434298048;0.13876404675344625
0.9655555576086045;0.9555555582046509;0.08868176136747934;0.16054405141815853
0.9788888901472091;0.9566666692495346;0.06173943735581512;0.1513159678298204
0.9811111122369767;0.9555555582046509;0.0659329986316152;0.13803856785525567
0.9833333343267441;0.9622222244739532;0.05954338120839869;0.14956157434207853
0.9900000005960464;0.9566666692495346;0.05292974469484761;0.14944203230843414
0.9822222232818604;0.9588888913393021;0.06184453435707837;0.14842944362899288
0.9822222232818604;0.9555555582046509;0.06301825030629213;0.13411528847645968
0.9855555564165115;0.9577777802944183;0.060073311545420435;0.1548545020884679
0.9822222232818604;0.9588888913393021;0.05978777076428135;0.15489209809942014
0.9866666674613953;0.9600000023841858;0.050707556831184775;0.1277978814051797
0.9833333343267441;0.9588888913393021;0.058685606756868465;0.14526551111775915
0.9766666680574417;0.9588888913393021;0.07115138723359754;0.14387527531362138
0.9800000011920929;0.9611111134290695;0.06435082442282389;0.13623300366840946
0.9900000005960464;0.9577777802944183;0.04623742058562736;0.16171945000824053
0.9788888901472091;0.9533333361148835;0.06759547657178094;0.17028554774976026
0.975555557012558;0.9622222244739532;0.06512139427165191;0.11617354174086358
0.9811111122369767;0.9566666692495346;0.060333332793864734;0.14390673343053398
0.9844444453716278;0.9600000023841858;0.051268118288135156;0.14686501515777006
0.9811111122369767;0.9533333361148835;0.0475673398313423;0.17666752683677867
0.9811111122369767;0.9522222250699997;0.05586523190722801;0.1444882326720593
0.9855555564165115;0.9611111134290695;0.05073286648839712;0.14493517728114966
0.9788888901472091;0.9544444471597672;0.06962357690887681;0.17311653345726274
0.9822222232818604;0.9555555582046509;0.05376535448012874;0.192577835523601
0.9811111122369767;0.951111114025116;0.06329294940611968;0.1665787556480306
0.9866666674613953;0.9644444465637207;0.054257380147464576;0.13046352870587724
0.9855555564165115;0.9633333355188369;0.04783620603266172;0.14051830407018617
0.9855555564165115;0.9522222250699997;0.05870164007258912;0.1853461730919662
0.987777778506279;0.9622222244739532;0.0429787302040495;0.1465731635786748
0.9844444453716278;0.9633333355188369;0.05173963897201853;0.12043733843117176
0.9900000005960464;0.9555555582046509;0.03727414059685543;0.20089143292279915
0.9944444447755814;0.9544444471597672;0.025617843285241786;0.17059893441037274
0.9855555564165115;0.9644444465637207;0.05164802578510717;0.1414292134674421
0.9933333337306977;0.9566666692495346;0.034989036833091326;0.18712196636091297
0.9866666674613953;0.9577777802944183;0.04051779896447746;0.16650976954454866
0.9888888895511627;0.9566666692495346;0.046903529959187534;0.1741137566510588
0.9822222232818604;0.9644444465637207;0.04340394496296843;0.1304721662066489
0.9844444453716278;0.9611111134290695;0.04614578231994528;0.13030039081932046
0.9911111116409301;0.9611111134290695;0.029382705374155195;0.13956603495559344
0.9777777791023254;0.9555555582046509;0.06259430815892604;0.17306156539319392
0.9811111122369767;0.9566666692495346;0.04791228702912728;0.16920052674249747
0.9933333337306977;0.951111114025116;0.028121659733975925;0.15885502862123152
0.9844444453716278;0.9611111134290695;0.052674542157910766;0.1374301303808655
0.9844444453716278;0.9600000023841858;0.05361034397695524;0.11630229366904435
0.9844444453716278;0.9500000029802322;0.05329839670836615;0.17182258772275721
0.992222222685814;0.9555555582046509;0.034108861570712176;0.14762071552104317
0.9844444453716278;0.9677777796983719;0.04912694925442338;0.11036901186744216
0.9888888895511627;0.9677777796983719;0.03989373787383859;0.12442953890422359
0.9911111116409301;0.9600000023841858;0.04054033003922086;0.1590197093571381
0.9888888895511627;0.9433333367109299;0.030523568670226573;0.19392675282239605
0.9888888895511627;0.9611111134290695;0.04029850652150344;0.16361424900727192
0.9911111116409301;0.9533333361148835;0.03687095483862019;0.15185622587402273
0.9900000005960464;0.9655555576086045;0.032457705119547126;0.11326662559295073
0.9911111116409301;0.9544444471597672;0.031293166463729;0.16162980755519432
0.9855555564165115;0.9644444465637207;0.04446736703782032;0.12835782732678733
0.9855555564165115;0.9677777796983719;0.052276935006375425;0.1186907004948201
0.9888888895511627;0.9722222238779068;0.035474150990679236;0.1063765529213318
0.9911111116409301;0.9655555576086045;0.030562228089547717;0.14176193265593612
0.9911111116409301;0.9655555576086045;0.028761298504347603;0.1311780149534267
0.987777778506279;0.9577777802944183;0.02987269571943519;0.1733804824752345
0.9933333337306977;0.9622222244739532;0.029131437235628256;0.14685243329537723
0.9911111116409301;0.9611111134290695;0.033032767688079424;0.18854847747134046
0.9933333337306977;0.9588888913393021;0.0333544879113712;0.19787222112742409
0.9933333337306977;0.9622222244739532;0.024075451724153634;0.13187952033622424
0.9911111116409301;0.9711111128330231;0.033056514857647316;0.12149253152310849
0.992222222685814;0.9577777802944183;0.029594727166113444;0.1574020051242163
0.992222222685814;0.9600000023841858;0.02648097403095259;0.14014450132187145
0.9844444453716278;0.9533333361148835;0.0353398002286364;0.16281038331217132
0.9955555558204651;0.9611111134290695;0.019888774066445573;0.13757198654056993
0.987777778506279;0.9677777796983719;0.04270881330788446;0.12161989492209008
0.9900000005960464;0.9622222244739532;0.04087376440390168;0.12505623131097915
0.9866666674613953;0.9711111128330231;0.03278943413752131;0.12361031875673992
0.9888888895511627;0.9655555576086045;0.02874792797374539;0.13819203337770886
0.9888888895511627;0.9577777802944183;0.028954995658326273;0.13479102958420602
0.9888888895511627;0.9566666692495346;0.03668401689792518;0.1771415120718302
0.9955555558204651;0.9655555576086045;0.022769893753381135;0.12273874040596032
0.9944444447755814;0.9600000023841858;0.02126713528414257;0.1423455735881968
0.9944444447755814;0.9588888913393021;0.021477894764878633;0.1682297358798678
0.992222222685814;0.9622222244739532;0.02607462062248184;0.1603021356849543
0.9944444447755814;0.9611111134290695;0.0207946206520622;0.15032977183000185
0.9900000005960464;0.9544444471597672;0.039792101290853074;0.1847727605791685
0.9933333337306977;0.9622222244739532;0.024258273579956344;0.17643059033289318
0.9888888895511627;0.9622222244739532;0.03170663244187987;0.166989604618963
0.9933333337306977;0.9633333355188369;0.018717504344143283;0.12189011059429807
0.9888888895511627;0.9722222238779068;0.03476141956780339;0.10528476908269416
0.992222222685814;0.9600000023841858;0.030897467566925723;0.1962999023453449
0.992222222685814;0.9711111128330231;0.02491540742679111;0.11915691585794169
0.9933333337306977;0.9655555576086045;0.02444803614829046;0.1365038236438219
0.9900000005960464;0.975555557012558;0.025119387807596164;0.09868221323995385
0.9911111116409301;0.9477777808904648;0.030939052362615863;0.17948453641826442
0.992222222685814;0.9622222244739532;0.03157229991241669;0.141779716249827
0.9911111116409301;0.9677777796983719;0.029948178565731117;0.13536061626073206
0.992222222685814;0.9633333355188369;0.028626200007177735;0.14709574380370516
0.9911111116409301;0.9644444465637207;0.032218282373893695;0.1479808272861798
0.9888888895511627;0.9700000017881394;0.0379639693768695;0.13650402203881337
0.9911111116409301;0.9688888907432556;0.031772161199478434;0.12671406965237111
0.9888888895511627;0.9600000023841858;0.03282604787576323;0.189201073514414
0.9900000005960464;0.9700000017881394;0.026517717516981065;0.12498700219002785
0.9955555558204651;0.9655555576086045;0.019000497074739543;0.14124011934206163
0.9966666668653488;0.9577777802944183;0.025852392473219275;0.19211659395708314
0.9944444447755814;0.9700000017881394;0.019599465607704283;0.12291628495974388
0.9966666668653488;0.9644444465637207;0.017305727680407775;0.16874058998412997
0.9933333337306977;0.9611111134290695;0.024745130250812507;0.13031474867020734
0.9911111116409301;0.9677777796983719;0.025988291913139012;0.11387896857728871
0.9933333337306977;0.9622222244739532;0.02400946142685522;0.13807693929993547
0.9933333337306977;0.9566666692495346;0.021504785051608147;0.18581974754100278
0.9933333337306977;0.9611111134290695;0.02161685201523748;0.15583891879117193
0.9911111116409301;0.9588888913393021;0.03281575916480506;0.15211740980763958
0.9900000005960464;0.9622222244739532;0.0308109218555425;0.16273879841028246
0.9944444447755814;0.9522222250699997;0.017710973161350316;0.1560562868883911
0.9900000005960464;0.9611111134290695;0.02554270762678546;0.16487292031233663
0.9944444447755814;0.9600000023841858;0.01864249567054988;0.18526379180063182
0.9955555558204651;0.9477777808904648;0.02175128196249716;0.2572147463050593
0.987777778506279;0.9555555582046509;0.039201320702947365;0.20309794350226487
0.9966666668653488;0.9700000017881394;0.019339145482808816;0.10980877680218934
0.9911111116409301;0.9600000023841858;0.03026567995548248;0.13988787026610225
0.9888888895511627;0.9722222238779068;0.0357755907374667;0.09961036596311411
0.992222222685814;0.9644444465637207;0.024063119341250664;0.10899025493999943
0.992222222685814;0.9688888907432556;0.02311131618771469;0.13854493936208503
0.992222222685814;0.9700000017881394;0.024636597913922743;0.11717359922452791
0.992222222685814;0.9666666686534882;0.03344340961096653;0.11418858039978659
0.9944444447755814;0.9588888913393021;0.020130125538950477;0.16186581993024446
0.9900000005960464;0.9633333355188369;0.03204175744273622;0.12424649596359813
0.9944444447755814;0.9600000023841858;0.018712430873226063;0.13834836126795078
0.992222222685814;0.9633333355188369;0.02590833719902245;0.1414103928875799
0.9977777779102326;0.9666666686534882;0.011915435169551831;0.10397574028853948
0.9966666668653488;0.9711111128330231;0.01953748188486012;0.11459605182414331
0.9966666668653488;0.9688888907432556;0.019757627405730695;0.1347370438867074
0.9911111116409301;0.9655555576086045;0.025155215517103594;0.1596287253286088
0.9955555558204651;0.9688888907432556;0.019761153651052153;0.12149864371361521
0.9855555564165115;0.9644444465637207;0.037292487804370465;0.1390498127230482
0.992222222685814;0.9666666686534882;0.024942265329688476;0.1292696956244375
0.9844444453716278;0.9666666686534882;0.03659482254103447;0.13652801376204782
0.9900000005960464;0.9644444465637207;0.02669732332530354;0.12714366760046686
0.9933333337306977;0.9566666692495346;0.0237426742077029;0.2277939392554496
0.9955555558204651;0.9588888913393021;0.021095581031840994;0.19948700936026095
0.9933333337306977;0.9655555576086045;0.023134778407984412;0.12448194041668709
0.9944444447755814;0.9644444465637207;0.019680392144073265;0.1717338809542222
0.9944444447755814;0.9711111128330231;0.020072367927544594;0.10150280574113518
0.9900000005960464;0.9722222238779068;0.026423808350227774;0.10129490559265833
0.9977777779102326;0.9633333355188369;0.01763821677256298;0.14495382044745686
0.9944444447755814;0.975555557012558;0.01874886070533345;0.10583860271520583
0.992222222685814;0.9644444465637207;0.02097679593692495;0.13693724148518716
0.9944444447755814;0.9722222238779068;0.020831209668540396;0.12129379131753619
0.9900000005960464;0.9666666686534882;0.02598025800543837;0.1394075633822164
0.992222222685814;0.9633333355188369;0.030156066683412065;0.15052719541502788
0.9944444447755814;0.9655555576086045;0.019531316130693692;0.15356946517543596
0.9988888889551163;0.9666666686534882;0.012660059620005389;0.1574076013882101
0.9911111116409301;0.9655555576086045;0.01844520843490803;0.1558974096129532
0.9966666668653488;0.9655555576086045;0.016584045156681288;0.12371215178039469
0.9955555558204651;0.9677777796983719;0.01565009976523773;0.15828381379954712
0.9966666668653488;0.9677777796983719;0.01379452429585702;0.12152286570005041
0.9955555558204651;0.9655555576086045;0.013700147459409588;0.11198306735168444
0.9944444447755814;0.9644444465637207;0.01574474428537845;0.13184419462801694
0.9888888895511627;0.9622222244739532;0.0286665467855831;0.1580423188007747
0.9966666668653488;0.9733333349227905;0.0161790893151192;0.10864910356661615
0.9977777779102326;0.9722222238779068;0.012519495457430216;0.10230597386762383
0.9944444447755814;0.9700000017881394;0.023095741976673405;0.10438796051312238
0.9977777779102326;0.9722222238779068;0.010587232338730245;0.09886982876899614
0.9966666668653488;0.9677777796983719;0.014741888220063023;0.16870625558270452
0.9966666668653488;0.9666666686534882;0.012978432279487606;0.1115274883408953
0.9955555558204651;0.9744444459676742;0.016738372867500097;0.09326585785432447
0.9933333337306977;0.9655555576086045;0.022926969251420813;0.15876017785655375
0.992222222685814;0.9644444465637207;0.02422388915559471;0.17587797096857685
0.9966666668653488;0.9622222244739532;0.01696954804113678;0.1872618773796906
0.9944444447755814;0.9700000017881394;0.018792356587558363;0.11835120971760868
0.9955555558204651;0.9700000017881394;0.01557997317625753;0.13202458563597855
0.9911111116409301;0.9600000023841858;0.025200654400881223;0.22648345848938334
0.9977777779102326;0.9688888907432556;0.012010921688973516;0.1430585760184234
0.9977777779102326;0.9711111128330231;0.013854931322809232;0.10995467482255966
0.9944444447755814;0.9611111134290695;0.021665303754465032;0.15781221884171828
0.9966666668653488;0.9644444465637207;0.01678500026682741;0.1301628171262564
0.9977777779102326;0.9422222256660462;0.016283413174096494;0.21207741788142206
0.992222222685814;0.9744444459676742;0.023341040833474835;0.09098927760181444
0.9933333337306977;0.9655555576086045;0.020894935065977432;0.1618325762005649
0.9977777779102326;0.9700000017881394;0.009336578746297165;0.12654510994252632
0.9955555558204651;0.9655555576086045;0.013585893960650235;0.11511646470923248
0.9900000005960464;0.9722222238779068;0.024021547002485023;0.1014031889596178
0.9955555558204651;0.951111114025116;0.021722049497960447;0.17363349508220077
0.9955555558204651;0.9666666686534882;0.014522687668553165;0.12996969688271445
0.9900000005960464;0.9611111134290695;0.031801332062120005;0.1758838107351039
0.9888888895511627;0.9544444471597672;0.025910605692721824;0.2754414081791765
0.9977777779102326;0.9655555576086045;0.011129793635336682;0.16268744298498253
0.9966666668653488;0.9711111128330231;0.015207891925335086;0.1262093326521305
0.9888888895511627;0.9666666686534882;0.024963204968419934;0.15128514757046407
0.9933333337306977;0.9655555576086045;0.017447876492709232;0.13365925291658035
0.9988888889551163;0.9700000017881394;0.009500776887337754;0.11746045620554166
0.9944444447755814;0.9722222238779068;0.01743548782154297;0.10429723659120403
0.9988888889551163;0.9666666686534882;0.010164881887370332;0.12289143906612783
0.9911111116409301;0.9700000017881394;0.01734383091146204;0.1342442154561771
0.9977777779102326;0.9700000017881394;0.00837256732750878;0.12781712324431282
0.9944444447755814;0.9677777796983719;0.015794995896188387;0.12272800642446478
0.9955555558204651;0.9655555576086045;0.013725520760393314;0.16699800798899864
0.9966666668653488;0.9655555576086045;0.011930660275781216;0.17092991595588197
0.9955555558204651;0.9688888907432556;0.01273359972644054;0.1229977905820609
0.9966666668653488;0.9733333349227905;0.012903547019474597;0.09755626027593584
0.9888888895511627;0.9633333355188369;0.024279953413800587;0.16612964980777178
0.9977777779102326;0.9677777796983719;0.010201977167829076;0.12847110696760258
0.987777778506279;0.9744444459676742;0.02574666947766673;0.09171935684086445
0.9966666668653488;0.9633333355188369;0.025479702884088812;0.15818396339448856
0.9966666668653488;0.9644444465637207;0.011438115060688385;0.16158788246057157
0.992222222685814;0.9722222238779068;0.018246126157949523;0.11969658654840411
0.9944444447755814;0.9655555576086045;0.016174463441954383;0.19417434139504622
0.9955555558204651;0.9655555576086045;0.01569942387238067;0.1728742908464483
0.9933333337306977;0.9588888913393021;0.024950704172078987;0.13300547991336012
0.9933333337306977;0.9700000017881394;0.023218236360116863;0.12353318062984424
0.9944444447755814;0.9555555582046509;0.024601190303413508;0.22358023751003203
0.9955555558204651;0.9622222244739532;0.016779168633850833;0.1857073590477133
0.9966666668653488;0.9611111134290695;0.011666583166273389;0.1985189806112127
0.9966666668653488;0.9644444465637207;0.014476700522209285;0.16113383929938815
0.9977777779102326;0.9677777796983719;0.015321939940865075;0.1314687050745609
0.9966666668653488;0.9700000017881394;0.015271077194847748;0.10769015634868992
0.9944444447755814;0.9677777796983719;0.01868650185909549;0.16498212977409518
0.9955555558204651;0.9700000017881394;0.013084938881608348;0.13200729132452882
0.9988888889551163;0.9700000017881394;0.0072062579412886405;0.1361025881947474
0.9977777779102326;0.975555557012558;0.010186757089710834;0.10080444250767566
0.9955555558204651;0.9666666686534882;0.01550403265409841;0.14129754753618423
0.9988888889551163;0.9722222238779068;0.010561924470918409;0.12615935238172823
0.9988888889551163;0.9722222238779068;0.0056401520923827775;0.13328013960138682
0.9966666668653488;0.9655555576086045;0.012437688284868879;0.17289486884316527
0.9988888889551163;0.9733333349227905;0.010402594488308143;0.10521619578442672
0.9966666668653488;0.9688888907432556;0.013614792178365557;0.14359594222538968
0.9944444447755814;0.9622222244739532;0.020966444571483105;0.20957573856746117
0.9977777779102326;0.9600000023841858;0.01023551464022603;0.17581490405955263
0.9955555558204651;0.9666666686534882;0.011657041713381963;0.18736753038526027
0.9944444447755814;0.9700000017881394;0.017169149383456293;0.15544744339204045
0.9988888889551163;0.9733333349227905;0.006354181973680776;0.13385103979295915
0.9977777779102326;0.975555557012558;0.008493297509206361;0.11024905746635341
0.9955555558204651;0.9733333349227905;0.0104723299460602;0.11540500661297605
1.0;0.9688888907432556;0.0045446317955793345;0.1435564140000982
0.9966666668653488;0.9700000017881394;0.014638395658160637;0.13345039831644195
0.9966666668653488;0.9666666686534882;0.010428648942373305;0.14689012698217993
0.9944444447755814;0.9766666680574417;0.018068380642459185;0.09669481713729813
0.9977777779102326;0.9611111134290695;0.013212661915288967;0.18599599424051122
0.9955555558204651;0.9644444465637207;0.01629421034352466;0.15530949263314445
0.9988888889551163;0.9666666686534882;0.006821494959513075;0.11963908541753578
0.9955555558204651;0.9744444459676742;0.016523552709744156;0.10264177273359867
0.9977777779102326;0.9733333349227905;0.008240799982983542;0.11049095549351477
0.9955555558204651;0.9700000017881394;0.013819662540239126;0.12600610228910228
0.9977777779102326;0.9633333355188369;0.007351231893699151;0.1591362780634275
0.9933333337306977;0.9677777796983719;0.014138672373762044;0.12097006656501132
0.9955555558204651;0.9622222244739532;0.022312642698185906;0.18681624701166583
0.9988888889551163;0.9611111134290695;0.011754103197502749;0.1311860143490776
0.9955555558204651;0.9677777796983719;0.011847789499855328;0.10790128981473875
0.9988888889551163;0.9666666686534882;0.008300938104851715;0.11126447587109094
0.9988888889551163;0.9688888907432556;0.008846238378949541;0.13856587851817798
0.9944444447755814;0.9744444459676742;0.018378433686787807;0.10794082567802737
0.9944444447755814;0.9588888913393021;0.016010490536427825;0.2556932974313895
0.9944444447755814;0.9677777796983719;0.018392392700964894;0.13176615095241384
0.9933333337306977;0.9733333349227905;0.015719520124791112;0.11198740153486142
0.9944444447755814;0.9555555582046509;0.013637757976781965;0.16233144131983862
0.9988888889551163;0.9622222244739532;0.0070857813053104715;0.13509249042617738
0.9944444447755814;0.9588888913393021;0.01719643107498996;0.16618981584062265
0.9944444447755814;0.9566666692495346;0.01438020749410498;0.1587359920561236
0.9966666668653488;0.9666666686534882;0.010499827940414737;0.1270095253411758
0.9966666668653488;0.9688888907432556;0.012669232055729177;0.13213376058023035
0.9977777779102326;0.9688888907432556;0.008355083366647401;0.12289485122801125
0.9955555558204651;0.9600000023841858;0.015890182915124267;0.1603556957525143
0.9888888895511627;0.9644444465637207;0.03230102570390348;0.12869246522944497
1.0;0.9688888907432556;0.006655619951076611;0.13042529728312122
0.9988888889551163;0.9700000017881394;0.006710713585319657;0.12246696418054247
0.9988888889551163;0.9711111128330231;0.005227706110235886;0.12455959260848128
0.9977777779102326;0.9655555576086045;0.006999196251369236;0.15115470872381895
0.9977777779102326;0.9700000017881394;0.00790410804183921;0.12721178253717275
0.9966666668653488;0.9688888907432556;0.010371224459716662;0.13788925880462558
0.9977777779102326;0.9655555576086045;0.009323086513904854;0.18971127874689653
0.9966666668653488;0.975555557012558;0.00996816875898124;0.1018206308343603
0.9955555558204651;0.9633333355188369;0.012046169324579144;0.14484166496573986
0.9988888889551163;0.9677777796983719;0.009551344638384762;0.13889032547273625
1.0;0.9677777796983719;0.007354410404635321;0.16844808382253784
0.9966666668653488;0.9666666686534882;0.013773270360494886;0.11987875574868667
1.0;0.9633333355188369;0.004441952510872701;0.16605336777829507
0.9977777779102326;0.9677777796983719;0.00815358016686029;0.1281016651878114
0.9955555558204651;0.9711111128330231;0.019158197427896085;0.12459689502472125
0.9977777779102326;0.9711111128330231;0.008449354764282664;0.11773706921958364
0.9988888889551163;0.9655555576086045;0.006041848606158359;0.1305607200723898
1.0;0.9744444459676742;0.0031174055841499165;0.11850513455798743
0.9966666668653488;0.9677777796983719;0.008612014424822215;0.130442305438919
0.9944444447755814;0.9633333355188369;0.01773096690509798;0.18001565184301097
0.9988888889551163;0.9633333355188369;0.00646293838872225;0.21573188154428255
0.9966666668653488;0.975555557012558;0.014565843343583159;0.12663688101080575
0.9977777779102326;0.9688888907432556;0.006781693877322444;0.18667685798151676
0.9955555558204651;0.9766666680574417;0.017992009358567883;0.11738865488769079
0.9988888889551163;0.9688888907432556;0.00575402711268301;0.15795938532683068
0.9966666668653488;0.9700000017881394;0.009235667494309988;0.1468624111845808
0.9977777779102326;0.9666666686534882;0.008792977167468052;0.17532604015083658
0.9966666668653488;0.9666666686534882;0.011997147061689854;0.17319073552098416
0.9988888889551163;0.9633333355188369;0.006977407910320229;0.20546672391828907
0.9900000005960464;0.9666666686534882;0.020946983821280202;0.14121076062765497
0.9977777779102326;0.9766666680574417;0.0117920671687898;0.09474629397894509
0.9955555558204651;0.9744444459676742;0.011531151777550501;0.12966399052129418
0.9977777779102326;0.9688888907432556;0.005952926095551448;0.1901521853840677
0.9966666668653488;0.9700000017881394;0.011413580639418797;0.1404042310564061
1.0;0.9722222238779068;0.005376741641763753;0.1109112570520665
0.9977777779102326;0.9733333349227905;0.008810791761910271;0.10863862405373463
0.9955555558204651;0.9677777796983719;0.013920200830762041;0.16329359796485127
0.9955555558204651;0.9733333349227905;0.010529456962831318;0.10733882732080625
0.9977777779102326;0.9644444465637207;0.00825190934992861;0.134719125137417
0.9933333337306977;0.9677777796983719;0.018238420414672874;0.18679076208712406
0.9977777779102326;0.9644444465637207;0.01113482754759995;0.1736779083006695
0.9944444447755814;0.9744444459676742;0.013984570826384395;0.11668239197497314
0.9966666668653488;0.9733333349227905;0.012261460809592487;0.1263922103325361
0.9955555558204651;0.9677777796983719;0.017927421475663625;0.1551734223000191
0.9988888889551163;0.9655555576086045;0.006692851120169508;0.20393517248612625
0.9966666668653488;0.9555555582046509;0.015441397602747505;0.1823740038717612
0.9944444447755814;0.9711111128330231;0.013926835278592382;0.1266817107544436
0.9955555558204651;0.9655555576086045;0.011420702897733765;0.17283580434086615
1.0;0.9711111128330231;0.00710426616545495;0.16013445682462285
0.9933333337306977;0.9622222244739532;0.015835671740448257;0.21472610340739873
0.9911111116409301;0.9655555576086045;0.01875019508127783;0.12405545545916538
0.9977777779102326;0.9633333355188369;0.009192309087544951;0.18623254261086306
0.9933333337306977;0.9622222244739532;0.015756046409296686;0.15866257195302752
0.9944444447755814;0.9688888907432556;0.014458497688610805;0.12046986140879502
0.9988888889551163;0.9688888907432556;0.007499175783656635;0.1436412147262672
0.9955555558204651;0.9666666686534882;0.014991717608427279;0.18883462566009257
0.9944444447755814;0.9677777796983719;0.015461188062181464;0.14694206239643487
0.9988888889551163;0.9611111134290695;0.006625679960537431;0.1883213686071637
0.992222222685814;0.9644444465637207;0.017661055667728458;0.2112879667763385
0.9988888889551163;0.9744444459676742;0.006877558123960625;0.13309702799075845
0.9944444447755814;0.9644444465637207;0.011450613580988526;0.17007306387422433
0.9988888889551163;0.9655555576086045;0.007617364238709948;0.17149417249553758
0.9966666668653488;0.9688888907432556;0.009547111893819722;0.1730992783413967
0.9988888889551163;0.9711111128330231;0.007019132861751131;0.13584116722710557
0.9988888889551163;0.9666666686534882;0.00984151724514959;0.1489415201847199
0.9955555558204651;0.9788888901472091;0.01946107418334577;0.0945813770328338
0.9955555558204651;0.9600000023841858;0.01402786558422425;0.160101521066584
0.9944444447755814;0.9722222238779068;0.01156762245009304;0.12541961423806544
0.9966666668653488;0.975555557012558;0.01036145340949588;0.08891179313868633
0.9977777779102326;0.9722222238779068;0.009255418237080449;0.11242737115571799
1.0;0.9711111128330231;0.004763134229021185;0.11378576125456069
0.9966666668653488;0.9655555576086045;0.01106395301236868;0.2416788207710245
0.9955555558204651;0.975555557012558;0.018036482307009768;0.12763070838330653
1.0;0.9700000017881394;0.003923520475170032;0.12278886766277235
0.9977777779102326;0.9700000017881394;0.006525081789732212;0.12867162098373228
0.9933333337306977;0.9677777796983719;0.014511244559313734;0.2055780677167301
0.9944444447755814;0.9622222244739532;0.012362890512728578;0.23232735282484404
1.0;0.9700000017881394;0.006604476609148454;0.1591503381113701
1.0;0.9711111128330231;0.003422466714315912;0.1595990294005484
0.9977777779102326;0.9711111128330231;0.008164805851204921;0.1656855518050482
1.0;0.9677777796983719;0.003409018201879614;0.19029628581223126
0.9977777779102326;0.9700000017881394;0.010119334732128967;0.16625214309836642
0.9977777779102326;0.9711111128330231;0.00849873929740473;0.17249556555113182
0.9966666668653488;0.9688888907432556;0.013224740935644757;0.15669141151405105
0.9944444447755814;0.9688888907432556;0.015234829494875157;0.17770674677994974
0.9966666668653488;0.9711111128330231;0.010078132109022893;0.1429947107644087
0.9988888889551163;0.9688888907432556;0.005770155382803447;0.16220633354029512
0.9955555558204651;0.9633333355188369;0.011793386286323463;0.221385917073106
1.0;0.9700000017881394;0.0048759109869327705;0.16659804160372005
0.9955555558204651;0.9700000017881394;0.010932244736189508;0.17279125448379393
0.9988888889551163;0.9644444465637207;0.005755457268848355;0.165388668563052
0.9966666668653488;0.9688888907432556;0.010092193576080414;0.16575003287495443
1.0;0.9688888907432556;0.004028687378013274;0.1487296341992381
1.0;0.9677777796983719;0.003860288984287763;0.13698958212917206
0.9988888889551163;0.9655555576086045;0.006084792438559816;0.17203699220123478
0.9955555558204651;0.9655555576086045;0.008418082746235693;0.14367024219560942
0.9955555558204651;0.926666671037674;0.016517832363084985;0.29308450569709144
0.9977777779102326;0.9622222244739532;0.009622699670823446;0.17619931370427366
0.9966666668653488;0.9655555576086045;0.012040923938729974;0.19044174436227573
0.9988888889551163;0.9677777796983719;0.007796395478787114;0.15010422811719765
0.9988888889551163;0.9655555576086045;0.004402351704660153;0.19369059731749683
0.9988888889551163;0.9733333349227905;0.006051242200010165;0.13507760074013883
1.0;0.9744444459676742;0.0036580186601592383;0.12127553537466156
0.9955555558204651;0.9677777796983719;0.012669799148837532;0.12216476009089092
0.9966666668653488;0.9711111128330231;0.009817794162154314;0.10328122159518595
0.9977777779102326;0.9622222244739532;0.014032501904148375;0.15758473746439752
0.9966666668653488;0.9733333349227905;0.01397536009153555;0.12795726329747292
0.9944444447755814;0.9722222238779068;0.01128019562153592;0.10946686199543668
0.9977777779102326;0.9744444459676742;0.008854581233511757;0.09397915863343466
0.9977777779102326;0.9722222238779068;0.011351102701398;0.14257221005288254
0.9966666668653488;0.9733333349227905;0.011616050471517762;0.11400141719980941
0.9977777779102326;0.9644444465637207;0.012035542154868987;0.1472403607817493
0.9900000005960464;0.9644444465637207;0.026621210493613035;0.19220105388646214
0.9988888889551163;0.9722222238779068;0.009172992799115794;0.16223719785227028
0.9966666668653488;0.9688888907432556;0.008744441363281416;0.14838871579868282
1.0;0.9733333349227905;0.0055238125923400124;0.13064579164965834
0.9977777779102326;0.9744444459676742;0.006544043594840332;0.1409795897114236
0.9988888889551163;0.9700000017881394;0.007074970780558942;0.14100403418105997
0.9977777779102326;0.9700000017881394;0.008346418371062706;0.14564259223279805
0.9988888889551163;0.9766666680574417;0.006840353712019956;0.11614981784665966
0.9977777779102326;0.9711111128330231;0.0068639970595540944;0.1159219852818751
0.9977777779102326;0.9733333349227905;0.007394795399644257;0.11150964878088417
0.9944444447755814;0.9711111128330231;0.01154318283709775;0.1427506705787285
0.9977777779102326;0.9588888913393021;0.006478377407074731;0.2183255535514642
0.9988888889551163;0.9666666686534882;0.006335045537343831;0.17401507654725112
0.9988888889551163;0.9722222238779068;0.005493183120173247;0.16234220362490911
1.0;0.9711111128330231;0.0025817076138688814;0.16291369684134527
0.9977777779102326;0.9766666680574417;0.0059944180846893385;0.1014365864785456
0.9988888889551163;0.9733333349227905;0.004373272823037648;0.13512137895819856
1.0;0.975555557012558;0.003154561014283293;0.14335037345166105
0.9955555558204651;0.9611111134290695;0.009446832033063401;0.2664019771064886
0.9966666668653488;0.9644444465637207;0.01343003673197624;0.25214525548235545
0.9955555558204651;0.9711111128330231;0.013762473892741885;0.16410842014320223
0.9966666668653488;0.9700000017881394;0.011005953879733472;0.19092797195892974
0.9988888889551163;0.9733333349227905;0.005276564006301972;0.16274677404077617
1.0;0.975555557012558;0.004437139644323906;0.14338985036805146
0.9944444447755814;0.9633333355188369;0.017120696252853427;0.1723690268530845
0.9988888889551163;0.9677777796983719;0.006475311663386189;0.19210547066334888
0.9966666668653488;0.9733333349227905;0.009674912368670146;0.13068564840201968
1.0;0.9688888907432556;0.005159845300598439;0.18157034432899005
0.9988888889551163;0.9711111128330231;0.003821227464747305;0.17295066658313468
1.0;0.9655555576086045;0.003919073587045811;0.2035490743915337
0.9955555558204651;0.9677777796983719;0.007353669826564631;0.14703337546937595
0.9966666668653488;0.9722222238779068;0.009105980257785026;0.15580424707807955
0.9977777779102326;0.9711111128330231;0.010829485630165437;0.18228574214887583
0.9988888889551163;0.9711111128330231;0.008563084254819841;0.18541703887625166
0.9977777779102326;0.9722222238779068;0.010814396571549877;0.1070323794388969
0.9955555558204651;0.9666666686534882;0.01272753001315626;0.15740735592795924
0.9966666668653488;0.9722222238779068;0.007643724452433768;0.14390695382629323
0.9977777779102326;0.9677777796983719;0.005683322240444492;0.16659237945896166
0.9955555558204651;0.9700000017881394;0.011165352161970076;0.18031532902647693
0.9977777779102326;0.9700000017881394;0.008030485809103993;0.16043313882361568
0.9966666668653488;0.9744444459676742;0.010400717046892775;0.14653399858871125
1.0;0.9733333349227905;0.0027735848658873388;0.14800947849598742
0.9988888889551163;0.9733333349227905;0.004419159891646511;0.10809424528018402
0.9966666668653488;0.9744444459676742;0.0090028288657777;0.12094774748059839
0.9988888889551163;0.9744444459676742;0.005227572951662296;0.16213822262640556
1.0;0.975555557012558;0.004229442856164193;0.1410691378854608
0.9966666668653488;0.975555557012558;0.011753901782897931;0.13930012017923823
0.9933333337306977;0.9311111152172089;0.01700573491210283;0.27656759504267636
0.9944444447755814;0.9711111128330231;0.011412334835040384;0.19519374153587704
0.9955555558204651;0.9677777796983719;0.011755416423693533;0.12393647918779607
0.9988888889551163;0.9711111128330231;0.005899606817062401;0.13990486977309047
0.9966666668653488;0.9622222244739532;0.008199255827760984;0.1749661865355544
0.9988888889551163;0.9655555576086045;0.005884330300614238;0.14866205096247237
0.9977777779102326;0.9711111128330231;0.007563796621070651;0.1632625373596511
1.0;0.9700000017881394;0.0037909043548097544;0.14283652044240777
0.9977777779102326;0.9744444459676742;0.007806136298131605;0.10591605863670944
0.9988888889551163;0.9744444459676742;0.005814536373145529;0.10570096939175831
0.9988888889551163;0.9766666680574417;0.005807828210163279;0.09580397295749207
0.9977777779102326;0.9711111128330231;0.004095403961703899;0.14680311913040592
1.0;0.9700000017881394;0.002398417882917177;0.15902314451248004
0.9977777779102326;0.9733333349227905;0.005226302797079067;0.13797906261684148
0.9977777779102326;0.9722222238779068;0.008546021011958753;0.10958916349612385
0.9966666668653488;0.9722222238779068;0.006119022214140083;0.12568539363946912
0.9988888889551163;0.9688888907432556;0.002231183477260856;0.12903901641214663
0.9977777779102326;0.9688888907432556;0.007981584988101531;0.14365583198984191
0.9988888889551163;0.9666666686534882;0.006600067812056901;0.20255489715261016
0.9988888889551163;0.9411111146211624;0.009906685017510124;0.1914588411823691
0.9988888889551163;0.9444444477558136;0.005437725331709468;0.19834321624269555
0.9977777779102326;0.975555557012558;0.011193442167435326;0.1120549157573502
0.9988888889551163;0.9766666680574417;0.004163750481954291;0.11673455672659354
0.9977777779102326;0.9677777796983719;0.006643180782126971;0.16373241599697697
0.9977777779102326;0.9688888907432556;0.008162446173203837;0.16574626965766584
1.0;0.9722222238779068;0.0029128408035830945;0.15143229955062149
1.0;0.9700000017881394;0.00390997007440698;0.12422418623230745
0.9988888889551163;0.9744444459676742;0.0034160698254102804;0.0975115554054355
0.9966666668653488;0.951111114025116;0.011748003109338849;0.20935722680029964
